location,date,new_cases,new_deaths,new_vaccinations,population
Afghanistan,2020,52332.0,2189.0,0.0,12832176864.0
Afghanistan,2021,105754.0,5167.0,6874.0,15012001780.0
Afghanistan,2022,46432.0,473.0,53285.0,13037820724.0
Africa,2020,2760926.0,65507.0,0.0,460835926322.0
Africa,2021,6977423.0,163031.0,310645245.0,520758864110.0
Africa,2022,2645737.0,28331.0,369101978.0,452275506638.0
Albania,2020,58316.0,1181.0,0.0,883960898.0
Albania,2021,151908.0,2036.0,1378369.0,1037446070.0
Albania,2022,122932.0,376.0,39322.0,901014806.0
Algeria,2020,99610.0,2756.0,0.0,13964903908.0
Algeria,2021,118822.0,3520.0,170786.0,16389678220.0
Algeria,2022,52507.0,605.0,0.0,14234323276.0
Andorra,2020,8049.0,84.0,0.0,24352115.0
Andorra,2021,15691.0,56.0,4802.0,29142695.0
Andorra,2022,22924.0,17.0,0.0,25310231.0
Angola,2020,17553.0,408.0,0.0,10214041852.0
Angola,2021,64040.0,1365.0,0.0,12989983540.0
Angola,2022,21538.0,147.0,0.0,11281711732.0
Anguilla,2020,13.0,0.0,0.0,4429683.0
Anguilla,2021,1661.0,6.0,1421.0,5795105.0
Anguilla,2022,2230.0,7.0,0.0,5033009.0
Antigua and Barbuda,2020,160.0,5.0,0.0,27568968.0
Antigua and Barbuda,2021,4125.0,114.0,8107.0,34226780.0
Antigua and Barbuda,2022,4823.0,27.0,305.0,29725724.0
Argentina,2020,1625514.0,43245.0,22909.0,16656778584.0
Argentina,2021,4028894.0,73924.0,78227460.0,16611268260.0
Argentina,2022,4067310.0,12842.0,31853333.0,14426772708.0
Armenia,2020,159409.0,2823.0,0.0,925897176.0
Armenia,2021,185521.0,5151.0,0.0,1014872280.0
Armenia,2022,100467.0,737.0,0.0,881409624.0
Aruba,2020,5489.0,50.0,0.0,31298946.0
Aruba,2021,14972.0,132.0,105869.0,38857535.0
Aruba,2022,23816.0,112.0,7755.0,33747503.0
Asia,2020,19898874.0,336992.0,4032162.0,1628877262650.0
Asia,2021,64275714.0,914663.0,6250561292.0,1723304930050.0
Asia,2022,106076062.0,237532.0,2529188195.0,1496678528290.0
Australia,2020,28425.0,910.0,0.0,8926496810.0
Australia,2021,397071.0,1346.0,42436659.0,9554754650.0
Australia,2022,10087959.0,13269.0,15550756.0,8298238970.0
Austria,2020,356064.0,7486.0,4496.0,2780220887.0
Austria,2021,914748.0,9329.0,16636920.0,3262960205.0
Austria,2022,4233375.0,4383.0,3288200.0,2833858589.0
Azerbaijan,2020,218700.0,2641.0,0.0,3169571868.0
Azerbaijan,2021,398247.0,5717.0,8946086.0,3780698470.0
Azerbaijan,2022,206799.0,1605.0,1772982.0,3283510726.0
Bahamas,2020,7871.0,170.0,0.0,119306799.0
Bahamas,2021,16653.0,547.0,9258.0,149645985.0
Bahamas,2022,12960.0,116.0,0.0,129966513.0
Bahrain,2020,92675.0,352.0,19678.0,459337944.0
Bahrain,2021,189387.0,1042.0,2758815.0,537366505.0
Bahrain,2022,411430.0,138.0,174944.0,466699129.0
Bangladesh,2020,513510.0,7559.0,0.0,51184724032.0
Bangladesh,2021,1072029.0,20513.0,69585560.0,62483024320.0
Bangladesh,2022,450627.0,1355.0,56015069.0,54266078656.0
Barbados,2020,383.0,7.0,0.0,81677340.0
Barbados,2021,28182.0,253.0,277911.0,102800790.0
Barbados,2022,74859.0,300.0,15362.0,89281782.0
Belarus,2020,194284.0,1424.0,0.0,2936766448.0
Belarus,2021,504826.0,4154.0,0.0,3480258940.0
Belarus,2022,294927.0,1540.0,0.0,3022581052.0
Belgium,2020,646496.0,19645.0,620.0,3869766436.0
Belgium,2021,1458847.0,8803.0,21728241.0,4254411895.0
Belgium,2022,2517380.0,4645.0,7660197.0,3694927591.0
Belize,2020,10776.0,248.0,0.0,115100940.0
Belize,2021,22064.0,358.0,122692.0,147929025.0
Belize,2022,36132.0,85.0,0.0,128475345.0
Benin,2020,3460.0,44.0,0.0,3885683424.0
Benin,2021,21684.0,117.0,0.0,4873795360.0
Benin,2022,2977.0,2.0,0.0,4232857888.0
Bermuda,2020,604.0,10.0,0.0,18491616.0
Bermuda,2021,5816.0,100.0,0.0,23435555.0
Bermuda,2022,12008.0,39.0,0.0,20353619.0
Bhutan,2020,670.0,0.0,0.0,235519557.0
Bhutan,2021,1990.0,3.0,862033.0,285596805.0
Bhutan,2022,59770.0,18.0,0.0,248038869.0
Bolivia,2020,160124.0,9165.0,0.0,3618337744.0
Bolivia,2021,439629.0,10515.0,9667900.0,4461801610.0
Bolivia,2022,510069.0,2563.0,4897686.0,3875044138.0
Bonaire Sint Eustatius and Saba,2020,196.0,3.0,0.0,7412248.0
Bonaire Sint Eustatius and Saba,2021,3210.0,22.0,0.0,9873980.0
Bonaire Sint Eustatius and Saba,2022,8084.0,15.0,0.0,8575484.0
Bosnia and Herzegovina,2020,110985.0,4061.0,0.0,976526060.0
Bosnia and Herzegovina,2021,180328.0,9403.0,93862.0,1180238450.0
Bosnia and Herzegovina,2022,108872.0,2742.0,0.0,1025029010.0
Botswana,2020,14805.0,42.0,0.0,728593100.0
Botswana,2021,204704.0,2402.0,10435.0,960059500.0
Botswana,2022,106835.0,346.0,0.0,833805100.0
Brazil,2020,7700828.0,195072.0,0.0,66747186240.0
Brazil,2021,14485929.0,424262.0,330736311.0,78589428960.0
Brazil,2022,12616495.0,69405.0,121429926.0,68254380768.0
British Virgin Islands,2020,86.0,1.0,0.0,8741628.0
British Virgin Islands,2021,3406.0,38.0,0.0,11436180.0
British Virgin Islands,2022,3813.0,25.0,0.0,9932244.0
Brunei,2020,157.0,3.0,0.0,133802596.0
Brunei,2021,15331.0,95.0,259735.0,163885730.0
Brunei,2022,229129.0,127.0,0.0,142333634.0
Bulgaria,2020,202266.0,7576.0,2889.0,2027804545.0
Bulgaria,2021,544842.0,23379.0,3535875.0,2475413575.0
Bulgaria,2022,536464.0,6999.0,848843.0,2149879735.0
Burkina Faso,2020,6707.0,85.0,0.0,6734107908.0
Burkina Faso,2021,10925.0,233.0,0.0,8275923860.0
Burkina Faso,2022,3999.0,69.0,0.0,7187583188.0
Burundi,2020,818.0,2.0,0.0,3557524908.0
Burundi,2021,26548.0,36.0,460.0,4704697795.0
Burundi,2022,23208.0,0.0,0.0,4085997811.0
Cambodia,2020,378.0,0.0,0.0,5701069340.0
Cambodia,2021,120115.0,3012.0,30108227.0,6120265615.0
Cambodia,2022,17503.0,44.0,6374714.0,5315408767.0
Cameroon,2020,26277.0,448.0,0.0,8402277142.0
Cameroon,2021,83090.0,1403.0,10290.0,10188807830.0
Cameroon,2022,14626.0,114.0,0.0,8848909814.0
Canada,2020,590249.0,15737.0,96165.0,13228288832.0
Canada,2021,1633486.0,14585.0,68740376.0,14035829720.0
Canada,2022,2195597.0,17320.0,24310152.0,12190021976.0
Cape Verde,2020,11840.0,113.0,0.0,170237494.0
Cape Verde,2021,29892.0,240.0,7462.0,216504130.0
Cape Verde,2022,20961.0,58.0,0.0,188032354.0
Cayman Islands,2020,338.0,2.0,0.0,20204268.0
Cayman Islands,2021,8480.0,9.0,15339.0,25083530.0
Cayman Islands,2022,22376.0,26.0,0.0,21784874.0
Central African Republic,2020,4963.0,63.0,0.0,1629111216.0
Central African Republic,2021,7200.0,38.0,12887.0,2036389020.0
Central African Republic,2022,3126.0,12.0,0.0,1768589916.0
Chad,2020,2113.0,104.0,0.0,5104313856.0
Chad,2021,3590.0,77.0,0.0,6469008880.0
Chad,2022,1928.0,13.0,0.0,5618289904.0
Chile,2020,608973.0,15551.0,8229.0,6135969368.0
Chile,2021,1197521.0,22720.0,44290607.0,7155363640.0
Chile,2022,3032164.0,11446.0,18216112.0,6214384312.0
China,2020,93153.0,3327.0,0.0,491931139200.0
China,2021,21489.0,5.0,2754869000.0,520448886400.0
China,2022,1006157.0,592.0,605794000.0,452006293120.0
Colombia,2020,1642775.0,43213.0,0.0,15614082428.0
Colombia,2021,3514665.0,86729.0,40326466.0,18934020220.0
Colombia,2022,1153919.0,11920.0,9963841.0,16444066876.0
Comoros,2020,823.0,10.0,0.0,205848618.0
Comoros,2021,5692.0,147.0,0.0,305425795.0
Comoros,2022,2364.0,6.0,0.0,265260211.0
Congo,2020,7107.0,139.0,0.0,1743365560.0
Congo,2021,12982.0,259.0,1486.0,2179206950.0
Congo,2022,4748.0,19.0,0.0,1892626310.0
Cook Islands,2021,2.0,0.0,0.0,3832200.0
Cook Islands,2022,6387.0,1.0,0.0,5399144.0
Costa Rica,2020,169321.0,2185.0,0.0,1559431636.0
Costa Rica,2021,401235.0,5168.0,0.0,1891005140.0
Costa Rica,2022,570308.0,1670.0,0.0,1642325012.0
Cote d'Ivoire,2020,22524.0,137.0,0.0,8335522208.0
Cote d'Ivoire,2021,48514.0,577.0,2055392.0,10278600020.0
Cote d'Ivoire,2022,16847.0,115.0,223318.0,8926893716.0
Croatia,2020,210837.0,3920.0,0.0,1253442271.0
Croatia,2021,504408.0,8618.0,3209851.0,1471081765.0
Croatia,2022,534854.0,4685.0,587483.0,1277624437.0
Cuba,2020,11863.0,147.0,0.0,3307598410.0
Cuba,2021,954141.0,8176.0,26683881.0,4092452270.0
Cuba,2022,145317.0,208.0,9695649.0,3554266766.0
Curacao,2020,4260.0,14.0,0.0,56013689.0
Curacao,2021,17065.0,175.0,158974.0,69778145.0
Curacao,2022,24182.0,104.0,32567.0,60601841.0
Cyprus,2020,22346.0,120.0,0.0,267010086.0
Cyprus,2021,144481.0,518.0,403490.0,327042555.0
Cyprus,2022,439460.0,572.0,24714.0,284034219.0
Czechia,2020,718661.0,11594.0,10599.0,3211160940.0
Czechia,2021,1760378.0,24565.0,15484631.0,3830306350.0
Czechia,2022,1697370.0,5584.0,2973955.0,3326594830.0
Democratic Republic of Congo,2020,17658.0,591.0,0.0,29307023936.0
Democratic Republic of Congo,2021,57135.0,614.0,42303.0,36138728840.0
Democratic Republic of Congo,2022,18674.0,242.0,0.0,31386238472.0
Denmark,2020,163479.0,1304.0,30218.0,1964674506.0
Denmark,2021,640919.0,1909.0,11966084.0,2147024535.0
Denmark,2022,2539300.0,4167.0,1195538.0,1864676103.0
Djibouti,2020,5831.0,61.0,0.0,323925939.0
Djibouti,2021,7825.0,128.0,0.0,409110615.0
Djibouti,2022,2034.0,0.0,12179.0,355309767.0
Dominica,2020,88.0,0.0,0.0,20736030.0
Dominica,2021,6760.0,47.0,6417.0,26556670.0
Dominica,2022,8946.0,27.0,0.0,23064286.0
Dominican Republic,2020,170785.0,2414.0,0.0,3436019226.0
Dominican Republic,2021,247993.0,1833.0,12301667.0,4098519665.0
Dominican Republic,2022,228939.0,137.0,1684116.0,3559536257.0
Ecuador,2020,223578.0,10182.0,0.0,5508306612.0
Ecuador,2021,337313.0,10861.0,26893713.0,6570365730.0
Ecuador,2022,459970.0,2254.0,9367955.0,5706317634.0
Egypt,2020,138062.0,7631.0,0.0,35738810912.0
Egypt,2021,247513.0,14121.0,2078777.0,40511385040.0
Egypt,2022,130070.0,3046.0,78722.0,35183860432.0
El Salvador,2020,46334.0,1327.0,0.0,1824881184.0
El Salvador,2021,75703.0,2497.0,4866141.0,2312783445.0
El Salvador,2022,79840.0,406.0,98095.0,2008636581.0
England,2020,0.0,0.0,0.0,16229850000.0
England,2021,0.0,0.0,109096528.0,20640750000.0
England,2022,0.0,0.0,29194618.0,17700150000.0
Equatorial Guinea,2020,5277.0,86.0,0.0,489075472.0
Equatorial Guinea,2021,8433.0,89.0,639.0,611344340.0
Equatorial Guinea,2022,3569.0,8.0,0.0,530948372.0
Eritrea,2020,1320.0,3.0,0.0,1053635726.0
Eritrea,2021,6691.0,73.0,0.0,1344674965.0
Eritrea,2022,2178.0,27.0,0.0,1167840997.0
Estonia,2020,27990.0,235.0,2284.0,441579312.0
Estonia,2021,213418.0,1703.0,1806407.0,484013360.0
Estonia,2022,367206.0,828.0,273198.0,420362288.0
Eswatini,2020,9358.0,205.0,0.0,352092240.0
Eswatini,2021,56751.0,1098.0,110765.0,438613200.0
Eswatini,2022,7599.0,119.0,0.0,380932560.0
Ethiopia,2020,124264.0,1923.0,0.0,36273698832.0
Ethiopia,2021,296078.0,5014.0,9513870.0,45033673720.0
Ethiopia,2022,73843.0,635.0,13533745.0,39111437176.0
Europe,2020,23923621.0,569149.0,1008866.0,256213884232.0
Europe,2021,65173405.0,994145.0,1105193416.0,271854848095.0
Europe,2022,148420833.0,407757.0,236427085.0,236104073551.0
European Union,2020,15667285.0,372654.0,363164.0,154850496792.0
European Union,2021,41059141.0,536310.0,748323541.0,164303579445.0
European Union,2022,119078598.0,260490.0,166215416.0,142696533381.0
Faeroe Islands,2020,610.0,0.0,0.0,16094451.0
Faeroe Islands,2021,5154.0,14.0,31940.0,19387705.0
Faeroe Islands,2022,28894.0,14.0,2873.0,16838089.0
Falkland Islands,2020,29.0,0.0,0.0,1033872.0
Falkland Islands,2021,56.0,0.0,0.0,1387365.0
Falkland Islands,2022,1847.0,0.0,0.0,1204917.0
Fiji,2020,49.0,2.0,0.0,313332153.0
Fiji,2021,53283.0,698.0,28295.0,339365685.0
Fiji,2022,14955.0,180.0,0.0,294736773.0
Finland,2020,36422.0,592.0,0.0,1872771810.0
Finland,2021,234407.0,1122.0,126744.0,2022371925.0
Finland,2022,1101822.0,5015.0,1127660.0,1756416165.0
France,2020,2735590.0,65031.0,1968.0,23259859000.0
France,2021,7706191.0,59161.0,124219487.0,24751745000.0
France,2022,27142138.0,33935.0,26968058.0,21496721000.0
French Polynesia,2020,16926.0,114.0,0.0,90049848.0
French Polynesia,2021,29465.0,522.0,855.0,111796580.0
French Polynesia,2022,30415.0,13.0,0.0,97094564.0
Gabon,2020,9571.0,64.0,0.0,699976121.0
Gabon,2021,32227.0,224.0,1486.0,871983905.0
Gabon,2022,7147.0,18.0,0.0,757312049.0
Gambia,2020,3897.0,124.0,0.0,784738550.0
Gambia,2021,6373.0,219.0,429.0,987688175.0
Gambia,2022,2410.0,29.0,0.0,857800415.0
Georgia,2020,227420.0,2505.0,0.0,1160759350.0
Georgia,2021,707321.0,11295.0,1180951.0,1366700525.0
Georgia,2022,850397.0,3112.0,274870.0,1186970045.0
Germany,2020,1719737.0,33079.0,182067.0,28345745600.0
Germany,2021,5430685.0,78854.0,153687360.0,30429991600.0
Germany,2022,28883032.0,43676.0,34818459.0,26428239280.0
Ghana,2020,54771.0,335.0,0.0,9808429910.0
Ghana,2021,88215.0,960.0,180950.0,12218692550.0
Ghana,2022,27908.0,165.0,0.0,10611850790.0
Gibraltar,2020,2041.0,7.0,0.0,9901131.0
Gibraltar,2021,6670.0,93.0,86798.0,11927105.0
Gibraltar,2022,11478.0,10.0,5436.0,10358609.0
Greece,2020,138850.0,4838.0,1892.0,3219341320.0
Greece,2021,1072003.0,15952.0,16560705.0,3790514780.0
Greece,2022,4039435.0,13098.0,4302248.0,3292036124.0
Greenland,2020,27.0,0.0,0.0,16439754.0
Greenland,2021,2585.0,1.0,43278.0,20620310.0
Greenland,2022,9360.0,21.0,58.0,17908598.0
Grenada,2020,127.0,0.0,0.0,35755815.0
Grenada,2021,6054.0,200.0,1037.0,45792535.0
Grenada,2022,13449.0,37.0,122.0,39770503.0
Guam,2020,0.0,0.0,0.0,50675985.0
Guam,2021,0.0,0.0,0.0,62700795.0
Guam,2022,0.0,0.0,0.0,29031327.0
Guatemala,2020,138012.0,4813.0,0.0,5692208566.0
Guatemala,2021,490347.0,11297.0,10558771.0,6513028610.0
Guatemala,2022,517015.0,3815.0,2927898.0,5656520738.0
Guernsey,2021,0.0,0.0,15177.0,21658518.0
Guernsey,2022,0.0,0.0,754.0,12222497.0
Guinea,2020,13722.0,81.0,0.0,4074648606.0
Guinea,2021,18329.0,310.0,1080333.0,5058662385.0
Guinea,2022,6071.0,67.0,506074.0,4393413633.0
Guinea-Bissau,2020,2452.0,45.0,0.0,593773560.0
Guinea-Bissau,2021,4032.0,104.0,1658.0,768536700.0
Guinea-Bissau,2022,2364.0,27.0,0.0,667468860.0
Guyana,2020,6347.0,164.0,0.0,238574465.0
Guyana,2021,33241.0,890.0,85545.0,295185355.0
Guyana,2022,31898.0,227.0,60317.0,256366459.0
Haiti,2020,9999.0,237.0,0.0,3324895861.0
Haiti,2021,16170.0,537.0,41453.0,4228526095.0
Haiti,2022,7698.0,87.0,0.0,3672445951.0
High income,2020,42111199.0,873970.0,7169002.0,431427537000.0
High income,2021,95876599.0,1165187.0,2071688409.0,456437829000.0
High income,2022,258775930.0,671677.0,611702737.0,396413128200.0
Honduras,2020,121847.0,3130.0,0.0,3088125968.0
Honduras,2021,257575.0,7304.0,229026.0,3807993170.0
Honduras,2022,78004.0,701.0,0.0,3307215986.0
Hong Kong,2020,8846.0,148.0,0.0,2576168872.0
Hong Kong,2021,3827.0,65.0,9907799.0,2733434995.0
Hong Kong,2022,1973555.0,10313.0,9925679.0,2373969571.0
Hungary,2020,322514.0,9537.0,0.0,3030060416.0
Hungary,2021,933901.0,29649.0,8276404.0,3638065960.0
Hungary,2022,897149.0,8925.0,0.0,3159635368.0
Iceland,2020,5754.0,29.0,0.0,114854124.0
Iceland,2021,21306.0,8.0,258851.0,136109595.0
Iceland,2022,180017.0,150.0,0.0,118210251.0
India,2020,10286709.0,148995.0,0.0,477587341440.0
India,2021,24574870.0,325118.0,1379581163.0,517268188800.0
India,2022,9806715.0,49046.0,723699273.0,449243879040.0
Indonesia,2020,743198.0,22138.0,0.0,84027909920.0
Indonesia,2021,3519522.0,121956.0,272430616.0,100557990560.0
Indonesia,2022,2298784.0,15010.0,58114154.0,87333926048.0
International,2020,721.0,15.0,0.0,0.0
International,2021,0.0,0.0,0.0,0.0
International,2022,0.0,0.0,0.0,0.0
Iran,2020,1225142.0,55223.0,0.0,28070530056.0
Iran,2021,4969259.0,76383.0,2962994.0,32320957320.0
Iran,2022,1364549.0,13006.0,17625429.0,28070530056.0
Iraq,2020,595291.0,12813.0,0.0,13882790688.0
Iraq,2021,1498449.0,11345.0,9985.0,16241085260.0
Iraq,2022,368117.0,1203.0,16843.0,14105271308.0
Ireland,2020,91779.0,2253.0,2186.0,1542094156.0
Ireland,2021,699686.0,3678.0,9800697.0,1833434420.0
Ireland,2022,892696.0,2188.0,1215644.0,1592325236.0
Isle of Man,2020,377.0,25.0,0.0,24261258.0
Isle of Man,2021,13264.0,42.0,86910.0,30854910.0
Isle of Man,2022,24367.0,49.0,6414.0,26797278.0
Israel,2020,423290.0,3325.0,992111.0,2985884000.0
Israel,2021,961872.0,4926.0,15789315.0,3448885000.0
Israel,2022,3311921.0,3550.0,1476948.0,2995333000.0
Italy,2020,2107314.0,74190.0,33465.0,19836590592.0
Italy,2021,4018517.0,63243.0,111317273.0,21548677280.0
Italy,2022,17697509.0,42583.0,30919107.0,18714878624.0
Jamaica,2020,12827.0,302.0,0.0,836905072.0
Jamaica,2021,81093.0,2171.0,389270.0,1031994430.0
Jamaica,2022,58386.0,877.0,176757.0,896280094.0
Japan,2020,235747.0,3492.0,0.0,42763335120.0
Japan,2021,1497558.0,14900.0,201503981.0,45242369040.0
Japan,2022,21470548.0,29293.0,132667783.0,39292687632.0
Jersey,2021,0.0,0.0,0.0,32463228.0
Jersey,2022,0.0,0.0,0.0,34346760.0
Jordan,2020,294604.0,3834.0,0.0,3430906000.0
Jordan,2021,768911.0,8819.0,4260392.0,4119344375.0
Jordan,2022,683592.0,1469.0,16423.0,3577622375.0
Kazakhstan,2020,201196.0,2749.0,0.0,5703011412.0
Kazakhstan,2021,930697.0,15743.0,15348999.0,7080269270.0
Kazakhstan,2022,413709.0,842.0,3306981.0,6149165366.0
Kenya,2020,96458.0,1670.0,0.0,16262272684.0
Kenya,2021,198570.0,3708.0,5561288.0,19720031660.0
Kenya,2022,45403.0,302.0,5552497.0,17126712428.0
Kiribati,2021,2.0,0.0,0.0,29922036.0
Kiribati,2022,3432.0,13.0,0.0,41602129.0
Kosovo,2020,51144.0,1332.0,0.0,522159695.0
Kosovo,2021,110340.0,1658.0,1186546.0,650471975.0
Kosovo,2022,110711.0,212.0,144666.0,564930455.0
Kuwait,2020,150584.0,934.0,0.0,1331892432.0
Kuwait,2021,266551.0,1534.0,11920.0,1558143390.0
Kuwait,2022,245224.0,101.0,24762.0,1353236862.0
Kyrgyzstan,2020,81034.0,1798.0,0.0,1916249469.0
Kyrgyzstan,2021,103655.0,1447.0,1592081.0,2420176665.0
Kyrgyzstan,2022,21775.0,189.0,998595.0,2101906857.0
Laos,2020,41.0,0.0,0.0,2130841991.0
Laos,2021,111019.0,372.0,1790835.0,2748259105.0
Laos,2022,105305.0,387.0,239548.0,2386844209.0
Latvia,2020,40904.0,635.0,2325.0,573702740.0
Latvia,2021,235770.0,3935.0,2553219.0,675488710.0
Latvia,2022,680106.0,1513.0,340160.0,586657318.0
Lebanon,2020,181503.0,1468.0,0.0,1729269360.0
Lebanon,2021,546427.0,7651.0,3933962.0,2003756560.0
Lebanon,2022,491678.0,1602.0,1201019.0,1740248848.0
Lesotho,2020,3094.0,51.0,0.0,537257458.0
Lesotho,2021,25314.0,614.0,0.0,841626490.0
Lesotho,2022,6082.0,41.0,0.0,730946842.0
Liberia,2020,1803.0,83.0,0.0,1537780100.0
Liberia,2021,4601.0,204.0,10089.0,1935481850.0
Liberia,2022,1720.0,7.0,0.0,1680952730.0
Libya,2020,100277.0,1481.0,0.0,2064140232.0
Libya,2021,288457.0,4232.0,81613.0,2486505560.0
Libya,2022,118326.0,727.0,119042.0,2159513048.0
Liechtenstein,2020,2225.0,44.0,0.0,11924565.0
Liechtenstein,2021,3910.0,25.0,53593.0,14364575.0
Liechtenstein,2022,14619.0,19.0,5942.0,12475535.0
Lithuania,2020,145052.0,1800.0,7338.0,792016704.0
Lithuania,2021,379375.0,5597.0,4121671.0,1003771170.0
Lithuania,2022,747419.0,2017.0,387995.0,871768386.0
Low income,2020,403391.0,10140.0,0.0,230870333700.0
Low income,2021,1408627.0,32044.0,80059398.0,269225788500.0
Low income,2022,442356.0,5554.0,148801428.0,233820753300.0
Lower middle income,2020,17290937.0,325320.0,0.0,1184073568500.0
Lower middle income,2021,48800786.0,867509.0,2849743807.0,1252715514500.0
Lower middle income,2022,29957105.0,140650.0,1832716966.0,1087974844100.0
Luxembourg,2020,47763.0,497.0,799.0,202699113.0
Luxembourg,2021,57351.0,420.0,993983.0,236374365.0
Luxembourg,2022,199805.0,237.0,272181.0,205289517.0
Macao,2020,45.0,0.0,0.0,239837100.0
Macao,2021,33.0,0.0,551303.0,253740700.0
Macao,2022,716.0,6.0,367528.0,220372060.0
Madagascar,2020,17721.0,261.0,0.0,8498563066.0
Madagascar,2021,32565.0,766.0,13544.0,10808277070.0
Madagascar,2022,16580.0,384.0,0.0,9386914606.0
Malawi,2020,6583.0,189.0,0.0,5672678404.0
Malawi,2021,68492.0,2175.0,1162205.0,7447941070.0
Malawi,2022,13050.0,321.0,94788.0,6468485806.0
Malaysia,2020,113010.0,471.0,0.0,11640808088.0
Malaysia,2021,2645076.0,31016.0,57838514.0,12387448840.0
Malaysia,2022,2190839.0,5083.0,14382749.0,10758414472.0
Maldives,2020,13757.0,48.0,0.0,156615602.0
Maldives,2021,81943.0,214.0,702479.0,191186270.0
Maldives,2022,89754.0,47.0,70093.0,166043966.0
Mali,2020,7090.0,269.0,0.0,6371394636.0
Mali,2021,13918.0,391.0,0.0,8246663270.0
Mali,2022,11737.0,82.0,0.0,7162170566.0
Malta,2020,12816.0,221.0,0.0,161054486.0
Malta,2021,39699.0,257.0,1038529.0,194651945.0
Malta,2022,63124.0,332.0,291176.0,169053881.0
Marshall Islands,2020,5.0,0.0,0.0,9940727.0
Marshall Islands,2021,0.0,0.0,0.0,15181445.0
Marshall Islands,2022,15385.0,17.0,0.0,13184981.0
Mauritania,2020,14364.0,347.0,0.0,1387690778.0
Mauritania,2021,27109.0,519.0,24659.0,1728693290.0
Mauritania,2022,21970.0,131.0,0.0,1501358282.0
Mauritius,2020,527.0,10.0,0.0,375549142.0
Mauritius,2021,68095.0,776.0,35153.0,474309470.0
Mauritius,2022,199917.0,247.0,0.0,411934526.0
Mexico,2020,1426094.0,123018.0,18174.0,46666507920.0
Mexico,2021,2553629.0,169349.0,121658712.0,46539003800.0
Mexico,2022,3137582.0,31037.0,29025807.0,40418806040.0
Micronesia (country),2021,1.0,0.0,0.0,39391410.0
Micronesia (country),2022,22727.0,58.0,0.0,36194426.0
Moldova,2020,144818.0,2985.0,0.0,978624907.0
Moldova,2021,231337.0,6705.0,1083726.0,1194642445.0
Moldova,2022,218008.0,1626.0,252769.0,1037538781.0
Monaco,2020,887.0,6.0,0.0,11202737.0
Monaco,2021,4110.0,35.0,0.0,13319215.0
Monaco,2022,10172.0,27.0,0.0,11567647.0
Mongolia,2020,1195.0,1.0,0.0,1009316781.0
Mongolia,2021,691426.0,1985.0,4308551.0,1240406145.0
Mongolia,2022,295395.0,145.0,106714.0,1077284241.0
Montenegro,2020,48247.0,682.0,0.0,181853780.0
Montenegro,2021,121787.0,1730.0,573683.0,228884930.0
Montenegro,2022,113286.0,377.0,34899.0,198784994.0
Montserrat,2020,13.0,1.0,0.0,1275357.0
Montserrat,2021,33.0,0.0,0.0,1610745.0
Montserrat,2022,1357.0,8.0,0.0,1398921.0
Morocco,2020,439193.0,7388.0,0.0,12323674104.0
Morocco,2021,523899.0,7461.0,27354182.0,13672161240.0
Morocco,2022,303525.0,1434.0,53287.0,11874178392.0
Mozambique,2020,18642.0,166.0,0.0,9396313200.0
Mozambique,2021,170454.0,1874.0,295812.0,12033874800.0
Mozambique,2022,41395.0,219.0,0.0,10451337840.0
Myanmar,2020,124630.0,2682.0,0.0,15170207360.0
Myanmar,2021,406204.0,16587.0,3800.0,19775448880.0
Myanmar,2022,101845.0,218.0,0.0,17174841904.0
Namibia,2020,23941.0,205.0,0.0,752138032.0
Namibia,2021,124033.0,3429.0,234709.0,936963760.0
Namibia,2022,23214.0,447.0,0.0,813746608.0
Nauru,2021,0.0,0.0,168.0,3401188.0
Nauru,2022,4611.0,1.0,0.0,4023047.0
Nepal,2020,260594.0,1856.0,0.0,10447274412.0
Nepal,2021,567838.0,9738.0,8969188.0,11149868890.0
Nepal,2022,172375.0,425.0,6746619.0,9683584762.0
Netherlands,2020,806620.0,11482.0,0.0,5427282180.0
Netherlands,2021,2346892.0,9540.0,0.0,6410867300.0
Netherlands,2022,5385803.0,1962.0,0.0,5567794340.0
New Caledonia,2020,39.0,0.0,0.0,83508192.0
New Caledonia,2021,12788.0,281.0,0.0,105835035.0
New Caledonia,2022,62088.0,33.0,0.0,91917003.0
New Zealand,2020,2164.0,26.0,0.0,1597069012.0
New Zealand,2021,11959.0,22.0,8185406.0,1892630485.0
New Zealand,2022,1879998.0,2123.0,3657654.0,1643736613.0
Nicaragua,2020,4829.0,165.0,0.0,2001137760.0
Nicaragua,2021,8734.0,52.0,0.0,2536164175.0
Nicaragua,2022,1640.0,29.0,0.0,2202641215.0
Niger,2020,3327.0,104.0,0.0,7521690834.0
Niger,2021,4082.0,171.0,0.0,9565913430.0
Niger,2022,2025.0,39.0,0.0,8307930294.0
Nigeria,2020,87607.0,1290.0,0.0,67310694528.0
Nigeria,2021,153906.0,1741.0,2974281.0,79767543840.0
Nigeria,2022,24759.0,129.0,186047.0,69277565472.0
Niue,2021,0.0,0.0,0.0,378688.0
Niue,2022,0.0,0.0,0.0,417728.0
North America,2020,23205204.0,508701.0,5786750.0,207111661665.0
North America,2021,41906781.0,706597.0,833510717.0,219118134805.0
North America,2022,50990983.0,309320.0,266661676.0,190302599269.0
North Korea,2020,0.0,0.0,0.0,7143019984.0
North Korea,2021,0.0,0.0,0.0,9515336840.0
North Korea,2022,1.0,6.0,0.0,7143019984.0
North Macedonia,2020,83329.0,2503.0,0.0,649017860.0
North Macedonia,2021,141720.0,5457.0,925842.0,764166190.0
North Macedonia,2022,119317.0,1605.0,0.0,663673102.0
Northern Cyprus,2021,0.0,0.0,1988.0,121359012.0
Northern Ireland,2020,0.0,0.0,0.0,580176000.0
Northern Ireland,2021,0.0,0.0,3331118.0,692040000.0
Northern Ireland,2022,0.0,0.0,796007.0,593448000.0
Northern Mariana Islands,2020,0.0,0.0,0.0,13484128.0
Northern Mariana Islands,2021,0.0,0.0,0.0,16756012.0
Norway,2020,49567.0,436.0,2406.0,1690074764.0
Norway,2021,344692.0,871.0,9787024.0,1983528260.0
Norway,2022,1072309.0,2638.0,2325351.0,1722680708.0
Oceania,2020,48428.0,1061.0,0.0,15403290120.0
Oceania,2021,540424.0,3458.0,54252851.0,16439183900.0
Oceania,2022,12211843.0,16001.0,26095296.0,14277318620.0
Oman,2020,128867.0,1499.0,4799.0,1427805600.0
Oman,2021,176622.0,2617.0,60282.0,1670349500.0
Oman,2022,93286.0,144.0,0.0,1450687100.0
Pakistan,2020,482178.0,10176.0,0.0,73341532704.0
Pakistan,2021,813755.0,18757.0,60377421.0,86076075360.0
Pakistan,2022,278705.0,1696.0,71222237.0,74756481888.0
Palau,2021,10.0,0.0,0.0,2387088.0
Palau,2022,5562.0,7.0,0.0,5732628.0
Palestine,2020,138004.0,1400.0,0.0,1585522952.0
Palestine,2021,331744.0,3519.0,1640780.0,1916277740.0
Palestine,2022,233288.0,789.0,0.0,1664274092.0
Panama,2020,246790.0,4022.0,0.0,1313757436.0
Panama,2021,249130.0,3406.0,225506.0,1609132430.0
Panama,2022,495331.0,1081.0,32607.0,1397520494.0
Papua New Guinea,2020,796.0,9.0,0.0,2910933375.0
Papua New Guinea,2021,35378.0,581.0,0.0,3702058125.0
Papua New Guinea,2022,9563.0,78.0,0.0,3215212125.0
Paraguay,2020,107932.0,2262.0,0.0,2034223500.0
Paraguay,2021,358169.0,14362.0,4105501.0,2474971925.0
Paraguay,2022,251948.0,2984.0,33555.0,2149496165.0
Peru,2020,1015137.0,93070.0,0.0,10248925988.0
Peru,2021,1281694.0,110329.0,51091497.0,12428099620.0
Peru,2022,1877470.0,14522.0,34306070.0,10793719396.0
Philippines,2020,474064.0,9246.0,0.0,38943385696.0
Philippines,2021,2369926.0,42260.0,44543330.0,42179037920.0
Philippines,2022,1174908.0,12889.0,10896420.0,36632205536.0
Pitcairn,2021,0.0,0.0,0.0,9400.0
Pitcairn,2022,0.0,0.0,0.0,11327.0
Poland,2020,1294878.0,28554.0,45600.0,12076714632.0
Poland,2021,2813337.0,68500.0,31883289.0,14547857560.0
Poland,2022,2238097.0,21156.0,9138669.0,12634714648.0
Portugal,2020,413839.0,6906.0,0.0,3142882242.0
Portugal,2021,975968.0,12049.0,0.0,3748862805.0
Portugal,2022,4141526.0,6384.0,0.0,3255861669.0
Puerto Rico,2020,0.0,0.0,0.0,995238072.0
Puerto Rico,2021,0.0,0.0,0.0,1187130380.0
Puerto Rico,2022,0.0,0.0,0.0,549657628.0
Qatar,2020,143834.0,245.0,0.0,827405217.0
Qatar,2021,106694.0,373.0,4218895.0,983722815.0
Qatar,2022,223166.0,66.0,1256355.0,854356527.0
Romania,2020,632263.0,15767.0,9324.0,6094373700.0
Romania,2021,1176628.0,42985.0,15789297.0,7175633550.0
Romania,2022,1482839.0,8484.0,1002577.0,6231988590.0
Russia,2020,3127347.0,56271.0,0.0,48623672832.0
Russia,2021,7193058.0,246400.0,129953267.0,52820358880.0
Russia,2022,10874037.0,80463.0,22691920.0,45874119904.0
Rwanda,2020,8383.0,92.0,0.0,4036573686.0
Rwanda,2021,103403.0,1258.0,920644.0,5028496230.0
Rwanda,2022,20851.0,117.0,0.0,4367214534.0
Saint Helena,2020,4.0,0.0,0.0,626516.0
Saint Helena,2021,0.0,0.0,0.0,1971365.0
Saint Helena,2022,2111.0,0.0,0.0,1712117.0
Saint Kitts and Nevis,2020,32.0,0.0,0.0,13446042.0
Saint Kitts and Nevis,2021,2967.0,28.0,6553.0,17403565.0
Saint Kitts and Nevis,2022,3553.0,18.0,0.0,15114877.0
Saint Lucia,2020,353.0,5.0,0.0,52702496.0
Saint Lucia,2021,13217.0,290.0,25380.0,65653280.0
Saint Lucia,2022,16106.0,113.0,979.0,57019424.0
Saint Pierre and Miquelon,2020,18.0,0.0,0.0,1594835.0
Saint Pierre and Miquelon,2021,84.0,0.0,0.0,2148025.0
Saint Pierre and Miquelon,2022,3131.0,1.0,0.0,1865545.0
Saint Vincent and the Grenadines,2020,121.0,0.0,0.0,30459987.0
Saint Vincent and the Grenadines,2021,5729.0,81.0,14770.0,37945035.0
Saint Vincent and the Grenadines,2022,5153.0,35.0,1871.0,32955003.0
Samoa,2020,2.0,0.0,0.0,9785160.0
Samoa,2021,1.0,0.0,0.0,81172350.0
Samoa,2022,15946.0,29.0,0.0,70497630.0
San Marino,2020,2333.0,59.0,0.0,10342830.0
San Marino,2021,5869.0,41.0,20141.0,12296850.0
San Marino,2022,13537.0,19.0,0.0,10679730.0
Sao Tome and Principe,2020,1014.0,17.0,0.0,61396110.0
Sao Tome and Principe,2021,2883.0,44.0,0.0,82998445.0
Sao Tome and Principe,2022,2381.0,20.0,0.0,72083581.0
Saudi Arabia,2020,362741.0,6223.0,0.0,11104691320.0
Saudi Arabia,2021,193495.0,2654.0,49474393.0,13289220760.0
Saudi Arabia,2022,268277.0,556.0,8586482.0,11541597208.0
Scotland,2020,0.0,0.0,0.0,1639800000.0
Scotland,2021,0.0,0.0,11188094.0,1995090000.0
Scotland,2022,0.0,0.0,1602657.0,1699926000.0
Senegal,2020,19140.0,410.0,0.0,5333467216.0
Senegal,2021,55915.0,1480.0,330137.0,6320504980.0
Senegal,2022,13777.0,103.0,0.0,5489315284.0
Serbia,2020,337923.0,3214.0,0.0,2130179570.0
Serbia,2021,961416.0,9503.0,3236108.0,2508114655.0
Serbia,2022,1113803.0,4596.0,28576.0,2178280399.0
Seychelles,2020,230.0,0.0,0.0,31283420.0
Seychelles,2021,24563.0,134.0,42863.0,39104275.0
Seychelles,2022,24592.0,37.0,0.0,33961795.0
Sierra Leone,2020,2611.0,76.0,0.0,2375179548.0
Sierra Leone,2021,4453.0,47.0,7981.0,3141088895.0
Sierra Leone,2022,694.0,3.0,0.0,2728014191.0
Singapore,2020,58599.0,29.0,52.0,1939135568.0
Singapore,2021,220806.0,799.0,11794635.0,2057513030.0
Singapore,2022,1860694.0,867.0,2932315.0,1786935974.0
Sint Maarten (Dutch part),2021,0.0,0.0,0.0,10561888.0
Sint Maarten (Dutch part),2022,0.0,0.0,0.0,13611136.0
Slovakia,2020,274603.0,2138.0,0.0,1698679955.0
Slovakia,2021,1096479.0,14497.0,0.0,2059861075.0
Slovakia,2022,1280090.0,4041.0,0.0,1788975235.0
Slovenia,2020,122152.0,2697.0,5291.0,708027562.0
Slovenia,2021,341896.0,2892.0,2741357.0,773742695.0
Slovenia,2022,778266.0,1320.0,234288.0,671990231.0
Solomon Islands,2020,17.0,0.0,0.0,58666032.0
Solomon Islands,2021,7.0,0.0,0.0,264359280.0
Solomon Islands,2022,21523.0,154.0,0.0,229594224.0
Somalia,2020,4714.0,131.0,0.0,5120874828.0
Somalia,2021,18818.0,1203.0,37292.0,6423090420.0
Somalia,2022,3722.0,28.0,0.0,5578410036.0
South Africa,2020,1057161.0,28469.0,0.0,19705087836.0
South Africa,2021,2382539.0,62676.0,12583167.0,21861267660.0
South Africa,2022,574896.0,10903.0,7262633.0,18986361228.0
South America,2020,13230145.0,413261.0,31342.0,137160437206.0
South America,2021,26448688.0,765948.0,653838623.0,159438087835.0
South America,2022,24711457.0,130218.0,275906287.0,138470887243.0
South Korea,2020,61768.0,917.0,0.0,17876453760.0
South Korea,2021,573484.0,4708.0,103897727.0,18912769920.0
South Korea,2022,25582741.0,24084.0,25605634.0,16425611136.0
South Sudan,2020,3558.0,63.0,0.0,2957469612.0
South Sudan,2021,11684.0,72.0,7489.0,3983307780.0
South Sudan,2022,3083.0,3.0,0.0,3459475524.0
Spain,2020,1938671.0,51578.0,0.0,15932141720.0
Spain,2021,4440910.0,38568.0,57029658.0,17358900680.0
Spain,2022,7258429.0,26214.0,5936252.0,15076086344.0
Sri Lanka,2020,43299.0,204.0,0.0,7422931000.0
Sri Lanka,2021,543946.0,14775.0,29413230.0,7968734750.0
Sri Lanka,2022,84172.0,1805.0,4176023.0,6920791550.0
Sudan,2020,25500.0,1468.0,0.0,13781014800.0
Sudan,2021,21031.0,1863.0,45572.0,17109083000.0
Sudan,2022,17043.0,1649.0,0.0,14859121400.0
Suriname,2020,6210.0,122.0,0.0,181087478.0
Suriname,2021,46236.0,1067.0,340537.0,225586790.0
Suriname,2022,28782.0,203.0,2807.0,195920582.0
Sweden,2020,437379.0,8979.0,0.0,3534031915.0
Sweden,2021,877405.0,6587.0,0.0,3850512385.0
Sweden,2022,1303904.0,5547.0,0.0,3344143633.0
Switzerland,2020,452296.0,7873.0,4754.0,2718286481.0
Switzerland,2021,880319.0,4451.0,13840115.0,3190271915.0
Switzerland,2022,2944233.0,1925.0,2625994.0,2770729307.0
Syria,2020,11434.0,711.0,0.0,6305693970.0
Syria,2021,38844.0,2186.0,0.0,8075713330.0
Syria,2022,7100.0,266.0,102423.0,7013701714.0
Taiwan,2020,801.0,7.0,0.0,8386581996.0
Taiwan,2021,16230.0,843.0,28127418.0,8721089540.0
Taiwan,2022,8017266.0,12712.0,21462733.0,7574206532.0
Tajikistan,2020,13665.0,90.0,0.0,2438433305.0
Tajikistan,2021,3828.0,35.0,124745.0,3632767985.0
Tajikistan,2022,293.0,0.0,0.0,3155034113.0
Tanzania,2020,509.0,21.0,0.0,19059845832.0
Tanzania,2021,28797.0,716.0,0.0,23906679480.0
Tanzania,2022,10846.0,108.0,0.0,20762787384.0
Thailand,2020,6882.0,61.0,0.0,26026019712.0
Thailand,2021,2216551.0,21637.0,89819861.0,26169413760.0
Thailand,2022,2481114.0,11372.0,37474745.0,22727956608.0
Timor,2020,44.0,0.0,0.0,382269930.0
Timor,2021,19793.0,122.0,7881.0,489573770.0
Timor,2022,3480.0,16.0,0.0,425191466.0
Togo,2020,3633.0,68.0,0.0,2681156100.0
Togo,2021,26530.0,180.0,0.0,3229775500.0
Togo,2022,9156.0,42.0,0.0,2805037900.0
Tokelau,2021,0.0,0.0,0.0,367242.0
Tokelau,2022,0.0,0.0,0.0,562221.0
Tonga,2021,1.0,0.0,0.0,27357952.0
Tonga,2022,16181.0,12.0,0.0,33876839.0
Trinidad and Tobago,2020,7150.0,127.0,0.0,448595599.0
Trinidad and Tobago,2021,84749.0,2742.0,1367241.0,558830695.0
Trinidad and Tobago,2022,93050.0,1388.0,145326.0,485340631.0
Tunisia,2020,139140.0,4676.0,0.0,3743903148.0
Tunisia,2021,587566.0,20893.0,7864021.0,4509982340.0
Tunisia,2022,420569.0,3698.0,682211.0,3916888772.0
Turkey,2020,1385427.0,20881.0,0.0,25261009408.0
Turkey,2021,7273898.0,61480.0,130587902.0,31149555520.0
Turkey,2022,7437088.0,18842.0,19311869.0,27053175616.0
Turkmenistan,2021,0.0,0.0,0.0,1974248539.0
Turkmenistan,2022,0.0,0.0,0.0,1588401919.0
Turks and Caicos Islands,2020,894.0,6.0,0.0,12757554.0
Turks and Caicos Islands,2021,2391.0,20.0,0.0,16689990.0
Turks and Caicos Islands,2022,3147.0,10.0,0.0,14495142.0
Tuvalu,2021,0.0,0.0,0.0,2822415.0
Tuvalu,2022,163.0,0.0,0.0,3593195.0
Uganda,2020,35321.0,251.0,0.0,13513382168.0
Uganda,2021,105521.0,3049.0,704976.0,17246099620.0
Uganda,2022,28736.0,336.0,0.0,14978119396.0
Ukraine,2020,1086997.0,19281.0,0.0,12069330176.0
Ukraine,2021,2760229.0,82807.0,28455642.0,14491136560.0
Ukraine,2022,1770916.0,15988.0,3096235.0,12585452848.0
United Arab Emirates,2020,207822.0,669.0,0.0,3191104644.0
United Arab Emirates,2021,554115.0,1495.0,18981681.0,3446015370.0
United Arab Emirates,2022,279090.0,184.0,1156381.0,2992840746.0
United Kingdom,2020,2488780.0,94998.0,0.0,22750511432.0
United Kingdom,2021,10456330.0,82346.0,130634846.0,24640761640.0
United Kingdom,2022,10172874.0,32874.0,17936003.0,21400332712.0
United States,2020,20217255.0,350555.0,5661664.0,116710000320.0
United States,2021,34687342.0,475059.0,515394151.0,123475797440.0
United States,2022,43092791.0,249438.0,125427636.0,107237884352.0
United States Virgin Islands,2020,0.0,0.0,0.0,28152557.0
United States Virgin Islands,2021,0.0,0.0,0.0,36309835.0
United States Virgin Islands,2022,0.0,0.0,0.0,16911430.0
Upper middle income,2020,23261367.0,685237.0,3690118.0,871442848500.0
Upper middle income,2021,59230927.0,1483067.0,4206455725.0,921961274500.0
Upper middle income,2022,55853414.0,311246.0,1110141291.0,800717052100.0
Uruguay,2020,19140.0,181.0,0.0,1006302024.0
Uruguay,2021,394264.0,5989.0,6974427.0,1249320540.0
Uruguay,2022,577836.0,1356.0,1701398.0,1085026332.0
Uzbekistan,2020,77060.0,614.0,0.0,10111273216.0
Uzbekistan,2021,121843.0,871.0,14678088.0,12639091520.0
Uzbekistan,2022,45975.0,152.0,448984.0,10976964416.0
Vanuatu,2020,1.0,0.0,0.0,16990688.0
Vanuatu,2021,6.0,1.0,0.0,119261560.0
Vanuatu,2022,11987.0,13.0,0.0,103577848.0
Vatican,2020,27.0,0.0,0.0,243208.0
Vatican,2021,0.0,0.0,0.0,294920.0
Vatican,2022,2.0,0.0,0.0,256136.0
Venezuela,2020,113558.0,1034.0,0.0,8292398100.0
Venezuela,2021,331077.0,4300.0,0.0,10330120500.0
Venezuela,2022,101749.0,496.0,0.0,8971638900.0
Vietnam,2020,1465.0,36.0,0.0,33776278464.0
Vietnam,2021,1729792.0,32359.0,108158524.0,35838202440.0
Vietnam,2022,9218492.0,10775.0,32048915.0,31125233352.0
Wales,2020,0.0,0.0,0.0,900280000.0
Wales,2021,0.0,0.0,6345724.0,1157050000.0
Wales,2022,0.0,0.0,959375.0,989040000.0
Wallis and Futuna,2020,4.0,0.0,0.0,858104.0
Wallis and Futuna,2021,450.0,7.0,0.0,4232540.0
Wallis and Futuna,2022,2961.0,0.0,0.0,3675932.0
Western Sahara,2022,0.0,0.0,0.0,576005.0
World,2020,83067919.0,1894686.0,10859120.0,2751411233280.0
World,2021,205322435.0,3547842.0,9208002144.0,2910913333760.0
World,2022,345056915.0,1129159.0,3703380517.0,2528108292608.0
Yemen,2020,2100.0,610.0,0.0,8963298792.0
Yemen,2021,8027.0,1374.0,0.0,12299263380.0
Yemen,2022,1819.0,175.0,0.0,10681826004.0
Zambia,2020,20725.0,388.0,0.0,5785106630.0
Zambia,2021,233549.0,3346.0,891232.0,7306449550.0
Zambia,2022,79411.0,283.0,1626263.0,6345601390.0
Zimbabwe,2020,13873.0,363.0,0.0,4683994693.0
Zimbabwe,2021,199391.0,4641.0,6142725.0,5956996735.0
Zimbabwe,2022,44635.0,602.0,4658667.0,5173610863.0
